title,company,applyUrl,type,contractType,city,state,location,salary,salaryMin,salaryMax,salaryDisclosed,area,description,skills,requiredSkills,differentials,benefits,affirmativeFor,publishedAt,lastVerifiedAt,companyDomain,companyLogoUrl,source,status,isActive,REVISADO_POR_VOCE
Programa Trusted Advisor 2026,Deloitte,https://site.vagas.com.br/PagVagaDirSS.asp?v=2810209&pp=https%3A//site.vagas.com.br/GoHome.asp%3Fv%3D2810209%26j%3Dt%26sslon%3D1&wiw=1366,Presencial,Estágio,São Paulo,SP,Locais de atuação:,Bolsa auxílio,,,não,Outra área,"Participação em treinamentos e projetos com diferentes clientes Apoio em análises de processos, controles, riscos e tecnologia Análise de dados, políticas e fluxos operacionais",,"Graduação em andamento ou concluída a partir do 3º semestre (conclusão entre jan/2025 e jun/2029) | Interesse na área de Advisory/Consultoria | Disponibilidade para atuação presencial (8h diárias) e viagens eventuais | Pacote Office e Excel intermediário | Inglês básico | Boa comunicação, perfil analítico, atenção aos detalhes e vontade de aprender | 🎓 Cursos elegíveis por área: | Consultoria Contábil: Ciências Contábeis, Administração e Engenharias | Controls: Agronomia, Administração, Economia, Engenharias, Ciência da Computação e correlatas | Controls IT: cursos de Tecnologia e correlatas | Atuarial: Matemática, Estatística e Ciências Atuariais | ✨ Diferenciais: | Não é necessária experiência prévia | Aprendizado prático desde o início | Contato com projetos reais e equipes multidisciplinares",,Contratação CLT | Modelo híbrido | Plano de carreira estruturado | Universidade Corporativa Deloitte | Plataformas de idiomas e aprendizado | Mentoria individual | Wellhub (Gympass) | Day off de aniversário | Plano de saúde e odontológico | PLR e seguro de vida | Vale-refeição e vale-alimentação,,2026-05-08,2026-05-08,,,manual,live,sim,
Estágio Financeiro,Campos Thomaz Advogados,https://camposthomaz.vagas.solides.com.br/vaga/841027,Presencial,Estágio,São Paulo,SP,"São Paulo, SP",Bolsa auxílio,,,não,Direito & Compliance,"Apoio nos processos de faturamento, contas a pagar e contas a receber Suporte à tesouraria, controle de fluxo de caixa e conciliação bancária Apoio à cobrança e relacionamento com clientes sobre inadimplência",,"Cursar Administração, Ciências Econômicas, Ciências Contábeis ou áreas correlatas | Estar a partir do 7º semestre | Possuir experiência prévia comprovada na área financeira | Conhecimento básico em Excel e Microsoft Power | Conhecimento em práticas e rotinas contábeis e financeiras | Perfil analítico, organizado e proativo | ✨ Diferenciais : | Conhecimento em análise de dados | Interesse em desenvolvimento na área financeira e administrativa",,"Modelo presencial | Local: Rua Funchal, 551, cj 51 – Vila Olímpia | São Paulo/SP | Atuação em período integral | Vale alimentação | Estacionamento | Plano de carreira | 📩 Candidaturas : | Inscrições pelo link: https://camposthomaz.vagas.solides.com.br/vaga/841027",,2026-05-08,2026-05-08,,,manual,live,sim,
Estágio em M&A e DCM Advisory,Vinci Partners,https://vincipartners.gupy.io/job/eyJqb2JJZCI6MTEyNDE0NDMsInNvdXJjZSI6Imd1cHlfcG9ydGFsIn0=,Presencial,Estágio,São Paulo,SP,Modelo de trabalho: Presencial — São Paulo/SP,Bolsa auxílio,,,não,Finanças & Contabilidade,"Apoio em análises financeiras e processos de M&A, IPO e dívida Participação em processos de due diligence Construção de business plans e modelagens financeiras",,"Graduação em Administração, Economia, Engenharia ou áreas correlatas | Conhecimento em Excel e PowerPoint | Inglês fluente | Perfil analítico e atenção aos detalhes",,,,2026-05-07,2026-05-07,vincipartners.com,https://logo.clearbit.com/vincipartners.com,manual,live,sim,
Programa de Estágio 2026,Atech (Grupo Embraer),https://atech.gupy.io/job/eyJqb2JJZCI6MTEyNDIxODcsInNvdXJjZSI6Imd1cHlfcG9ydGFsIn0=,Presencial,Estágio,São Paulo,SP,Modelo de trabalho: Presencial — Vila Olímpia/SP (com possibilidade de 2 dias de home office),Bolsa auxílio,,,não,Tech & Engenharia,Acompanhamento de custos dos projetos junto aos programas Revisões de base e análises financeiras Apoio em operações fiscais aplicadas a contratos,,"Interesse em finanças, custos e operações fiscais | Perfil analítico e organizado | Disponibilidade para atuação presencial em São Paulo/SP",,Plano médico e odontológico Bradesco | Wellhub (Gympass) | Vale refeição e alimentação | PLR e previdência privada | Horário flexível | Day off de aniversário | Auxílio creche | Seguro de vida e muito mais | 📩 Inscrições:,,2026-05-07,2026-05-07,atech.com.br,https://logo.clearbit.com/atech.com.br,manual,live,sim,
Estágio em RH | GrupoSC,Atração & Seleção,https://gruposc.gupy.io/job/eyJqb2JJZCI6MTEyNDQ4NzMsInNvdXJjZSI6Imd1cHlfcG9ydGFsIn0=,Presencial,Estágio,São Paulo,SP,Modelo de trabalho: Presencial — Vila Olímpia/SP,Bolsa auxílio,,,não,Outra área,Divulgação de vagas e triagem de currículos Agendamento e condução de entrevistas Apoio nos processos admissionais e onboarding,,"Graduação em Psicologia, Administração, RH ou áreas correlatas | Pacote Office básico | Perfil organizado, proativo e comunicativo",,Vale refeição/alimentação | TotalPass | Seguro de vida | Programas de desenvolvimento | Parcerias com faculdades e escolas de idiomas,,2026-05-07,2026-05-07,,,manual,live,sim,
Estágio em Jurídico Societário e Compliance | Cy.Capital (Cyrela),Cyrela,https://geracaocyrela.gupy.io/job/eyJqb2JJZCI6MTEyMzc0NzAsInNvdXJjZSI6Imd1cHlfcG9ydGFsIn0=,Presencial,Estágio,SP | Presencial,SP,São Paulo – SP | Presencial,Bolsa auxílio,,,não,Direito & Compliance,Apoio em contratos e documentos societários Suporte em demandas de compliance Organização de processos jurídicos,,Direito | Entre 5º e 7º semestre | Interesse em societário e compliance,,Vale transporte | Vale refeição | Plano de saúde e odontológico | Wellhub e Totalpass | Seguro de vida | Day off de aniversário | Auxílio bebê e diversos benefícios corporativos,,2026-05-05,2026-05-05,cyrela.com.br,https://logo.clearbit.com/cyrela.com.br,manual,live,sim,
Estágio em Direito Trabalhista,Veirano Advogados,https://veirano.gupy.io/job/eyJqb2JJZCI6MTEyMzM2ODQsInNvdXJjZSI6Imd1cHlfcG9ydGFsIn0=,Híbrido,Estágio,SP | Híbrido,SP,São Paulo – SP | Híbrido,Bolsa auxílio,,,não,Direito & Compliance,Pesquisas jurídicas Elaboração de peças e pareceres Acompanhamento processual,,Direito | Entre 5º e 7º período | Interesse em Direito Trabalhista,,Vale refeição/alimentação | Auxílio transporte | Gympass | Seguro de vida | Day off de aniversário | Programas de desenvolvimento | ⏰ Inscrições até: 12/05,,2026-05-05,2026-05-05,veirano.com.br,https://logo.clearbit.com/veirano.com.br,manual,live,sim,
Estágio em Recrutamento e Seleção,Cinemark,https://cinemark.gupy.io/job/eyJqb2JJZCI6MTEyMzEwMzIsInNvdXJjZSI6Imd1cHlfcG9ydGFsIn0=,Híbrido,Estágio,SP | Híbrido,SP,São Paulo – SP | Híbrido,Bolsa auxílio,,,não,Outra área,Apoio em processos seletivos Triagem de currículos e contato com candidatos Agendamento e condução de entrevistas,,Administração | Boa comunicação e organização | Conhecimento em Excel e PowerPoint,,Vale transporte | Vale refeição | Seguro de vida | Wellhub | Cartão Cinemark (acesso aos cinemas),,2026-05-05,2026-05-05,cinemark.com.br,https://logo.clearbit.com/cinemark.com.br,manual,live,sim,
Estágio em Pesquisa de Mercado,MindMiners,https://mindminers.gupy.io/job/eyJqb2JJZCI6MTEyMzA2NzYsInNvdXJjZSI6Imd1cHlfcG9ydGFsIn0=,Híbrido,Estágio,SP | Híbrido,SP,São Paulo – SP | Híbrido,Bolsa auxílio,,,não,Outra área,Apoio em projetos de pesquisa de mercado Construção e revisão de questionários Contato com clientes e acompanhamento de projetos,,"Administração, Economia ou Relações Internacionais | Inglês intermediário | Interesse em pesquisa e análise de dados",,Vale transporte | Horário flexível | Day off de aniversário | Auxílio home office | Totalpass | Auxílio creche e licença estendida | Incentivo a cursos e livros,,2026-05-05,2026-05-05,,,manual,live,sim,
Estágio Financeiro (Governança de TI),Cultura Inglesa,https://culturainglesa.gupy.io/job/eyJqb2JJZCI6MTEyMjIzNzMsInNvdXJjZSI6Imd1cHlfcG9ydGFsIn0=,Híbrido,Estágio,SP | Híbrido,SP,São Paulo – SP | Híbrido,Bolsa auxílio,,,não,Finanças & Contabilidade,Lançamento de notas fiscais Apoio em processos financeiros e de compras Organização de documentos e relatórios,,"Administração, Economia | Pacote Office básico | Organização e interesse em rotinas financeiras/tecnologia",,Vale-transporte | Ambiente colaborativo | Oportunidade de desenvolvimento,,2026-05-05,2026-05-05,culturainglesa.com.br,https://logo.clearbit.com/culturainglesa.com.br,manual,live,sim,
Estágio em Desenvolvimento de Negócios,Antena 1,https://www.linkedin.com/jobs/view/4410048598/,Híbrido,Estágio,SP,SP,Local: São Paulo – SP (híbrido),Bolsa auxílio,,,não,Negócios & Vendas,"Apoio à gestão administrativa e operacional da área de Mobilidade Organização de processos, agendas e materiais executivos Elaboração e atualização de relatórios, controles e indicadores",,,,,,2026-05-04,2026-05-04,antena1.com.br,https://logo.clearbit.com/antena1.com.br,manual,live,sim,
Programa de Estágio RD Saúde 2026,Sala 25,https://forms.office.com/r/0RdR1i7yij,Presencial,Estágio,Sala 25,SP,Local: Ibmec Faria Lima – Sala 25,R$ 2.700,2700,2700,sim,Saúde & Medicina,Programa de Estágio RD Saúde 2026,,,,,,2026-04-30,2026-04-30,,,manual,live,sim,
Programa de Estágio,Cia de Talentos (Programa Geral),https://ciadetalentos.com.br/estagionovostalentos/,Presencial,Estágio,São Paulo,SP,"São Paulo, SP",R$ 2.100,2100,2100,sim,Outra área,Apoio em projetos da área Análise de dados e indicadores Participação em iniciativas estratégicas,,"Cursando: Administração, Economia, Direito, Relações Internacionais, Tecnologia ou Engenharias | A partir do 3º semestre (ou tecnólogo desde o 1º) | Disponibilidade para estagiar 30h semanais | Pelo menos 1 ano disponível para estágio",,"Bolsa-auxílio: ~R$ 2.100 | Vale transporte/fretado e vale refeição | Assistência médica e odontológica | Seguro de vida | Curso de inglês | Acesso a academias (Wellhub/TotalPass) | Apoio psicológico, financeiro e bem-estar | Modelo de trabalho flexível",,2026-04-29,2026-04-29,,,manual,live,sim,
Estágio (São Paulo/SP),Leroy Merlin,https://carreiras.leroymerlin.com.br/jobs/7637939-estagiario-a-desenvolvimento-de-servicos-e-instalacoes,Presencial,Estágio,São Paulo,SP,"São Paulo, SP",Bolsa auxílio,,,não,Tech & Engenharia,Apoiar na melhoria de serviços e processos Ajudar na criação de novas soluções para o negócio Analisar indicadores e identificar oportunidades,,"Cursando: Administração, Economia, Direito, Relações Internacionais, Tecnologia ou Engenharias | Conhecimento em Excel avançado | Perfil analítico, proativo e comunicativo | Interesse por estratégia e dados",,Bolsa-auxílio compatível com o mercado | Ambiente colaborativo e inovador | Desenvolvimento constante | Contato direto com estratégia e dados,,2026-04-29,2026-04-29,leroymerlin.com.br,https://logo.clearbit.com/leroymerlin.com.br,manual,live,sim,
Programa de Trainee MDS 2026,MDS Group,https://app.academiadouniversitario.com.br/?apply-for-job=be5f40f5-408b-449b-b7fd-3650aed16bd6,Presencial,Trainee,São Paulo,SP,"São Paulo, São Paulo Pinheiros",Bolsa auxílio,,,não,Negócios & Vendas,Programa de Trainee MDS 2026,,,,,,2026-04-28,2026-04-28,mdsgroup.com.br,https://logo.clearbit.com/mdsgroup.com.br,manual,live,sim,
Programa de Estágio – B3,B3,https://estagionab3.com.br/,Híbrido,Estágio,São Paulo,SP,São Paulo (SP) | Híbrido,Bolsa auxílio,,,não,Finanças & Contabilidade,"Atuação em áreas como Produtos, Tecnologia, Mercado Financeiro e áreas corporativas Contato com produtos financeiros, dados e clientes Participação em projetos e rotinas estratégicas",,"Formação entre mar/2026 e jun/2027 | Disponibilidade para estagiar em SP | Perfil colaborativo, analítico e com vontade de aprender",,,,2026-04-28,2026-04-28,,,manual,live,sim,
Estágio em Desenvolvimento de Software,ISA Saúde,https://bzcp.convagas.com.br/vaga/019d922f-5700-73af-b658-f5cc87b7c6a5,Híbrido,Estágio,São Paulo,SP,São Paulo (Itaim Bibi) | Híbrido,Bolsa auxílio,,,não,Saúde & Medicina,"Desenvolvimento de software e soluções de dados Atuação com APIs, cloud e infraestrutura Análise de dados e suporte à tomada de decisão",,Graduação a partir do 3º ano | Inglês fluente | Conhecimento em programação e dados,,,,2026-04-28,2026-04-28,isasaude.com.br,https://logo.clearbit.com/isasaude.com.br,manual,live,sim,
Estágio | BNP Paribas,Global Markets Corporate Sales,https://bwelcome.hr.bnpparibas/pt_PT/externalcareers/JobDetails?jobId=89758&source=BNP+Paribas+website,Presencial,Estágio,São Paulo,SP,São Paulo/SP | Presencial,Bolsa auxílio,,,não,Negócios & Vendas,Suporte ao time de vendas (Corporate Desk) Controle de posições e operações Apoio em fechamento de câmbio (FX),,Inglês avançado | Excel e VBA | Formação prevista para dez/2028 | Organização e atenção aos detalhes | Boa comunicação,,,,2026-04-27,2026-04-27,,,manual,live,sim,
Programa de Estágio 2026,Vivest,https://epartner2.vagas.com.br/v2805139,Híbrido,Estágio,São Paulo,SP,São Paulo | Híbrido,"R$ 2.231,00",223100,223100,sim,Outra área,"Atuação em diferentes áreas (Investimentos, TI, Previdência, Marketing, etc.) Participação em projetos e rotinas da área Desenvolvimento de visão estratégica do negócio",,"Formação entre dez/2027 e jul/2028 (período noturno) | Excel intermediário ou avançado | Disponibilidade para 6h/dia | Perfil adaptável, comprometido e proativo",,"Bolsa auxílio de R$ 2.231,00 | Vale refeição (R$ 1.235,74) | Vale transporte | Assistência médica e odontológica | Seguro de vida | TotalPass | Programa de treinamentos",,2026-04-27,2026-04-27,,,manual,live,sim,
Programa de Estágio Vivest,Área de Investimentos,https://www.vagas.com.br/v2805139,Presencial,Estágio,São Paulo,SP,"São Paulo, SP",Bolsa auxílio,,,não,Finanças & Contabilidade,Programa de Estágio Vivest,,,,,,2026-04-27,2026-04-27,,,manual,live,sim,
Estágio em Investimentos,Nomad,https://nomadglobal.inhire.app/vagas/747bdc42-9ef3-449d-a91d-928a69e52ae8/estagio-em-investimentos,Híbrido,Estágio,São Paulo,SP,São Paulo | Híbrido,Bolsa auxílio,,,não,Finanças & Contabilidade,Avaliação de ativos e oportunidades de investimento Construção de dashboards e análises de mercado Apoio na elaboração de materiais de alocação,,Formação a partir de dez/2026 | Excel / Google Sheets avançado | Interesse em mercado financeiro global | Inglês avançado,,,,2026-04-24,2026-04-24,,,manual,live,sim,
Estágio em People Analytics,Ativa Investimentos,https://www.vagas.com.br/vagas/v2803011/estagio-em-people-analytics,Híbrido,Estágio,São Paulo,SP,São Paulo | Híbrido,Bolsa auxílio,,,não,Outra área,Construção e análise de indicadores de RH Desenvolvimento de dashboards Organização e tratamento de bases de dados,,Formação a partir de 2028 | Excel avançado | Conhecimento em Power BI | Perfil analítico e organizado,,,,2026-04-24,2026-04-24,ativainvestimentos.com.br,https://logo.clearbit.com/ativainvestimentos.com.br,manual,live,sim,
Estágio em Vendas,BNP Paribas,https://www.linkedin.com/jobs/view/4403747019/,Presencial,Estágio,São Paulo,SP,São Paulo | Presencial,Bolsa auxílio,,,não,Negócios & Vendas,Apoio às atividades comerciais Atendimento ao cliente Organização de treinamentos,,Boa comunicação | Interesse na área comercial | Conhecimento em CRM (diferencial),,,,2026-04-24,2026-04-24,bnpparibas.com.br,https://logo.clearbit.com/bnpparibas.com.br,manual,live,sim,
Estágio em Expansão Imobiliária,Método Engenharia,https://metodo.gupy.io/job/eyJqb2JJZCI6MTExMjI1NzAsInNvdXJjZSI6Imd1cHlfcG9ydGFsIn0=,Híbrido,Estágio,São Paulo,SP,São Paulo (SP) | Híbrido,Bolsa auxílio,,,não,Tech & Engenharia,Pesquisa e prospecção de imóveis Elaboração de relatórios e apresentações Apoio em visitas e análises,,Excel e PowerPoint | Perfil analítico e organizado,,,,2026-04-23,2026-04-23,,,manual,live,sim,
Estágio em Marketing,HPE Automotores,https://hpe.gupy.io/job/eyJqb2JJZCI6MTExNTc2MjUsInNvdXJjZSI6Imd1cHlfcG9ydGFsIn0=,Presencial,Estágio,São Paulo,SP,São Paulo (SP) | Presencial,Bolsa auxílio,,,não,Marketing & Publicidade,Suporte ao time de marketing e agências Controle de planilhas e materiais Apoio em campanhas e validação de peças,,Pacote Office básico | Organização e comunicação,,,,2026-04-23,2026-04-23,,,manual,live,sim,
Programa de Estágio First Gen,PepsiCo,https://pepsicofirstgen-2026.ciadetalentos.com.br/,Híbrido,Estágio,São Paulo,SP,Brasil | Híbrido/Presencial,Bolsa auxílio,,,não,Outra área,Participação em projetos com impacto real no negócio Desenvolvimento em diferentes áreas da companhia Imersão na cultura e operações da empresa,,"Formação prevista entre dez/2027 e dez/2028 | Disponibilidade para estagiar 30h semanais | Perfil curioso, proativo e com vontade de aprender",,,,2026-04-23,2026-04-23,,,manual,live,sim,
Estagiário(a) FP&A,Bridgestone,https://bridgestone.wd5.myworkdayjobs.com/pt-BR/LATAMExternalCareers/details/Estagirio-a--FP-A_2026_07736,Híbrido,Estágio,São Paulo,SP,São Paulo (SP) | Híbrido,Bolsa auxílio,,,não,Finanças & Contabilidade,Apoio no fechamento mensal Análise de variações de vendas e custos Construção de relatórios e dashboards,,Excel intermediário | Boa comunicação e proatividade,,,,2026-04-22,2026-04-22,bridgestone.com.br,https://logo.clearbit.com/bridgestone.com.br,manual,live,sim,
Programa de Estágio,Yvy Capital,https://br.buscojobs.com/programa-de-estagio-yvy-capital-ID-191299868,Presencial,Estágio,São Paulo,SP,São Paulo (SP) | Presencial,Bolsa auxílio,,,não,Finanças & Contabilidade,Análise de investimentos e crédito Construção de modelos financeiros Apoio em operações e backoffice,,Perfil analítico | Interesse em mercado financeiro | Conhecimento em Excel (Python é diferencial),,,,2026-04-22,2026-04-22,yvy.capital,https://logo.clearbit.com/yvy.capital,manual,live,sim,
Estágio em Administração,Eztec,https://eztec.gupy.io/job/eyJqb2JJZCI6MTExNjIyOTksInNvdXJjZSI6Imd1cHlfcG9ydGFsIn0=,Presencial,Estágio,São Paulo,SP,São Paulo (SP) | Presencial,Bolsa auxílio,,,não,Outra área,Controle de documentos e contratos Atualização de sistemas e planilhas Acompanhamento de demandas da área,,Excel básico | Organização e comunicação,,,,2026-04-22,2026-04-22,,,manual,live,sim,
Estágio em Pesquisa Aplicada,Fundação Itaú,https://carreiras.itau.com.br/vaga/sao-paulo/estagio-em-pesquisa-aplicada/35299/94191605984,Presencial,Estágio,São Paulo,SP,São Paulo (SP) | Presencial,Bolsa auxílio,,,não,Educação,Apoio em pesquisas e análises de dados Consolidação de indicadores sociais Produção de relatórios e dashboards,,Excel intermediário | Interesse em pesquisa e dados,,,,2026-04-22,2026-04-22,,,manual,live,sim,
Programa de Estágio,Andrade Gutierrez,https://estagioandradegutierrez.gupy.io/job/eyJqb2JJZCI6MTEwODM3MTIsInNvdXJjZSI6Imd1cHlfcG9ydGFsIn0=,Presencial,Estágio,São Paulo,SP,São Paulo (SP) | Presencial,Bolsa auxílio,,,não,Tech & Engenharia,Desenvolvimento técnico e comportamental Atuação prática em projetos Aprendizado com metodologia 70:20:10,,Formação entre 2027 e 2028 | Disponibilidade 6h/dia,,,,2026-04-22,2026-04-22,,,manual,live,sim,
Estágio em Infraestrutura,Kinea,https://kinea.gupy.io/job/eyJqb2JJZCI6MTEwOTQwNDIsInNvdXJjZSI6Imd1cHlfcG9ydGFsIn0=,Híbrido,Estágio,São Paulo,SP,São Paulo (SP) | Híbrido,Bolsa auxílio,,,não,Finanças & Contabilidade,Análise de dados e investimentos Construção de dashboards Automação de processos,,Conhecimento em Python/SQL (diferencial) | Perfil analítico,,,,2026-04-22,2026-04-22,,,manual,live,sim,
Assistente de Investimento,Itaú,https://carreiras.itau.com.br/vaga/sao-paulo/assistente-de-investimento/35299/94191608656,Presencial,Estágio,São Paulo,SP,São Paulo (SP),Bolsa auxílio,,,não,Finanças & Contabilidade,Atendimento ao investidor Controle de dados e documentos Emissão e acompanhamento de operações,,Excel | Ensino superior completo,,,,2026-04-22,2026-04-22,itau.com.br,https://logo.clearbit.com/itau.com.br,manual,live,sim,
Estágio em Treinamentos & Incentivos,Red Bull,https://jobs.redbull.com/br-pt/sao-paulo-estagio-em-treinamentos-e-incentivos-ref30295p,Presencial,Estágio,São Paulo,SP,São Paulo (SP),Bolsa auxílio,,,não,Outra área,Organização de treinamentos Gestão de indicadores e performance Apoio ao time comercial,,Excel avançado | Inglês intermediário,,,,2026-04-22,2026-04-22,,,manual,live,sim,
Programa de Estágio 2026 (Genew),Accenture,https://www.accenture.com/br-pt/careers/jobdetails?id=R00325541_pt-br,Híbrido,Estágio,São Paulo,SP,SP e outras cidades | Híbrido,Bolsa auxílio,,,não,Tech & Engenharia,Projetos em consultoria e tecnologia Desenvolvimento em dados e inovação Atuação com clientes,,Formação entre 2027 e 2028 | Interesse em tecnologia e IA,,,,2026-04-22,2026-04-22,accenture.com,https://logo.clearbit.com/accenture.com,manual,live,sim,
Estagiário de Compras,Viggo,https://www.empregos.com.br/vaga/11350268/estagiario-de-compras-sp-em-sao-paulo-sp-DI11350268IN,Presencial,Estágio,São Paulo,SP,São Paulo (SP) | Presencial,Bolsa auxílio,,,não,Negócios & Vendas,Apoio em compras e fornecedores Análise de mercado Controle de estoque,,Organização e comunicação,,,,2026-04-22,2026-04-22,,,manual,live,sim,
Estágio em Produto e Preço,BMW,https://bmw.gupy.io/job/eyJqb2JJZCI6MTExNjg4NDIsInNvdXJjZSI6Imd1cHlfcG9ydGFsIn0=,Presencial,Estágio,São Paulo,SP,São Paulo (SP) | Presencial,Bolsa auxílio,,,não,Tech & Engenharia,Análise de dados e precificação Apoio em lançamentos Construção de relatórios,,Inglês avançado | Excel intermediário,,,,2026-04-22,2026-04-22,bmw.com.br,https://logo.clearbit.com/bmw.com.br,manual,live,sim,
Estágio em Vendas e Operações,Reckitt,https://www.linkedin.com/jobs/view/4405234426/,Remoto,Estágio,São Paulo,SP,Remoto,Bolsa auxílio,,,não,Marketing & Publicidade,Captação de clientes Gestão de carteira imobiliária Suporte comercial,,Espanhol fluente | Perfil comunicativo,,,,2026-04-22,2026-04-22,reckitt.com,https://logo.clearbit.com/reckitt.com,manual,live,sim,
Estagiário(a),PepsiCo,https://www.linkedin.com/jobs/view/4403502364/,Presencial,Estágio,São Paulo,SP,São Paulo (SP) | Presencial,Bolsa auxílio,,,não,Outra área,Apoio em marketing e operações Controle de materiais e campanhas Análise de dados,,Inglês e espanhol avançado | Excel intermediário,,,,2026-04-22,2026-04-22,pepsico.com.br,https://logo.clearbit.com/pepsico.com.br,manual,live,sim,
Estagiário,Fundação Butantan,https://talentos.fundacaobutantan.org.br/job/ESTAGIARIO/1332221862/,Presencial,Estágio,São Paulo,SP,São Paulo (SP) | Presencial,Bolsa auxílio,,,não,Saúde & Medicina,Apoio às rotinas da área Suporte em atividades comerciais Acompanhamento de processos internos,,Estar cursando ensino superior | Conhecimento básico em pacote Office,,,,2026-04-17,2026-04-17,butantan.gov.br,https://logo.clearbit.com/butantan.gov.br,manual,live,sim,
Estágio em Operações Comerciais e Propostas,FS Fueling Sustainability,https://www.linkedin.com/jobs/view/4399556475/,Remoto,Estágio,São Paulo,SP,Remoto,Bolsa auxílio,,,não,Tech & Engenharia,Acompanhamento de propostas comerciais Organização de pipeline e relatórios Suporte à diretoria e rotina comercial,,Inglês avançado | Excel e pacote Office | Perfil organizado e analítico,,,,2026-04-17,2026-04-17,fs.com.br,https://logo.clearbit.com/fs.com.br,manual,live,sim,
Estágio em Transações Imobiliárias,Vivest,https://www.linkedin.com/jobs/view/4402190079/,Presencial,Estágio,São Paulo,SP,São Paulo (SP) | Presencial,Bolsa auxílio,,,não,Finanças & Contabilidade,Pesquisa de mercado imobiliário Apoio em visitas e negociações Suporte administrativo e relatórios,,Inglês avançado | Boa comunicação e organização,,,,2026-04-17,2026-04-17,vivest.com.br,https://logo.clearbit.com/vivest.com.br,manual,live,sim,
Estágio em Vendas,Kimberly-Clark,https://kimberlyclark.wd1.myworkdayjobs.com/pt-BR/GLOBAL/job/Brazil--Sao-Paulo/Estgio-em-Vendas_883431,Presencial,Estágio,São Paulo,SP,São Paulo (SP),Bolsa auxílio,,,não,Tech & Engenharia,Análise de indicadores de vendas Acompanhamento de performance Participação em reuniões comerciais,,Excel avançado | Perfil analítico,,,,2026-04-17,2026-04-17,,,manual,live,sim,
Estagiário(a) Digital & Analytics,Bridgestone,https://bridgestone.wd5.myworkdayjobs.com/pt-BR/LATAMExternalCareers/details/Estagirio-a--Digital---Analytics_2026_07869,Híbrido,Estágio,São Paulo,SP,São Paulo (SP) | Híbrido,Bolsa auxílio,,,não,Finanças & Contabilidade,Apoio em KPIs financeiros Análise de dados (Power BI / SAP) Suporte a projetos e relatórios,,Perfil analítico | Conhecimento em dados e finanças,,,,2026-04-17,2026-04-17,bridgestone.com.br,https://logo.clearbit.com/bridgestone.com.br,manual,live,sim,
Estagiário de Engenharia,Roche,https://careers.roche.com/global/en/job/ROCHGLOBAL202604109138EXTERNALENGLOBAL/Estagi-rio-de-Engenharia,Presencial,Estágio,São Paulo,SP,São Paulo (SP),Bolsa auxílio,,,não,Saúde & Medicina,Controle de equipamentos e peças Suporte técnico e operacional Monitoramento de instalações,,Perfil analítico | Excel intermediário,,,,2026-04-17,2026-04-17,roche.com,https://logo.clearbit.com/roche.com,manual,live,sim,
Estágio Administrativo – Consultoria Tributária,Deloitte,https://deloitte.inhire.app/inicio-de-carreira/vagas/86db8a69-bbf2-4408-8070-060b69cfc2ad/estagio-administrativo-consultoria-tributaria-or-sao-paulo,Presencial,Estágio,São Paulo,SP,São Paulo (SP),Bolsa auxílio,,,não,Finanças & Contabilidade,Elaboração de relatórios Suporte a executivos Análise de dados,,Excel intermediário | Boa comunicação,,,,2026-04-17,2026-04-17,,,manual,live,sim,
Programa de Estágio 2026,Reckitt,https://epartner2.vagas.com.br/v2805575,Presencial,Estágio,São Paulo,SP,São Paulo (SP),Bolsa auxílio,,,não,Direito & Compliance,"Atuação em diversas áreas (Marketing, Supply, Jurídico etc.) Projetos e desenvolvimento profissional",,Formação prevista 2028–2029,,,,2026-04-17,2026-04-17,reckitt.com,https://logo.clearbit.com/reckitt.com,manual,live,sim,
Estágio de Operações e Estratégia de Vendas,Eli Lilly,https://careers.lilly.com/us/en/job/LILLUSR104048EXTERNALENUS/Est-gio-de-Opera-es-e-Estrat-gia-de-Vendas,Híbrido,Estágio,São Paulo,SP,São Paulo (SP) | Híbrido,Bolsa auxílio,,,não,Saúde & Medicina,Análise de dados Apoio em estratégias comerciais Relatórios e planejamento,,Excel intermediário | SQL/Power BI (diferencial),,,,2026-04-17,2026-04-17,lilly.com,https://logo.clearbit.com/lilly.com,manual,live,sim,
Programa de Estágio 2026,Schneider Electric,https://careers.se.com/jobs/113942,Presencial,Estágio,São Paulo,SP,SP,Bolsa auxílio,,,não,Tech & Engenharia,Projetos em energia e digitalização Desenvolvimento técnico e liderança,,Interesse em inovação e sustentabilidade,,,,2026-04-17,2026-04-17,se.com,https://logo.clearbit.com/se.com,manual,live,sim,
Programa de Estágio,Eneva,https://eneva.compleo.com.br/Visualizar/216350,Presencial,Estágio,São Paulo,SP,São Paulo (SP),Bolsa auxílio,,,não,Tech & Engenharia,Apoio em diversas áreas da empresa Desenvolvimento profissional,,Disponibilidade 6h/dia,,,,2026-04-17,2026-04-17,,,manual,live,sim,
Estágio em Experiência do Cliente,Roche,https://docs.google.com/forms/d/e/1FAIpQLSclhSP9BHzmqU8enqLThsLW9zH-h05ve_kurDZ2FIkSnCZU5g/viewform,Presencial,Estágio,São Paulo,SP,São Paulo (SP),Bolsa auxílio,,,não,Saúde & Medicina,"Análise de indicadores (NPS, CSAT) Mapeamento de jornadas Projetos de experiência do cliente",,Inglês avançado | Perfil analítico,,,,2026-04-17,2026-04-17,roche.com,https://logo.clearbit.com/roche.com,manual,live,sim,
Banco de Talentos – Tecnologia,Joinrs Brasil,https://www.joinrs.com/pt/jobs/2444766,Remoto,Estágio,São Paulo,SP,Remoto,Bolsa auxílio,,,não,Tech & Engenharia,Desenvolvimento de software Análise de dados Projetos de tecnologia,,Interesse em tecnologia | Perfil analítico,,,,2026-04-17,2026-04-17,joinrs.com,https://logo.clearbit.com/joinrs.com,manual,live,sim,
Programa Novos Talentos – Controls Assurance,Deloitte,https://deloitte.inhire.app/inicio-de-carreira/vagas/01aba47a-668b-4c6d-9e5a-cb32de805f81/programa-novos-talentos-or-controls-assurance-2026,Presencial,Estágio,São Paulo,SP,SP (Campinas/Ribeirão Preto),Bolsa auxílio,,,não,Outra área,Auditoria e análise de processos Projetos com dados e controles,,Excel intermediário | Inglês ou espanhol,,,,2026-04-17,2026-04-17,,,manual,live,sim,
Trainee em Investment Banking,Goldman Sachs,https://app.walljobs.com.br/vagas/goldman-sachs-_-trainee-em-investment-banking-ff20f2e6-a625-41a1-86aa-ca4bf66d423e,Presencial,Trainee,São Paulo,SP,São Paulo (SP),Bolsa auxílio,,,não,Finanças & Contabilidade,Análises financeiras Suporte em projetos de M&A Elaboração de apresentações,,Inglês avançado | Excel avançado,,,,2026-04-17,2026-04-17,goldmansachs.com,https://logo.clearbit.com/goldmansachs.com,manual,live,sim,
Estágio em Investment Banking 2026,B8 Partners,https://lnkd.in/dJbwG4nW,Presencial,Estágio,São Paulo,SP,Sobre a empresa,Bolsa auxílio,,,não,Finanças & Contabilidade,Suporte em projetos de M&A e operações de crédito Construção de modelos financeiros Elaboração de apresentações e análises,,"Graduação em Economia, Administração, Engenharia ou Contabilidade | Formação entre jun/2027 e dez/2028 | Conhecimento em finanças corporativas | Inglês avançado | Perfil analítico, proativo e com alto nível de comprometimento | 🔥 Diferencial | Atuação lado a lado com sócios em transações reais e ambiente de aprendizado acelerado. | 📅 Prazo de inscrição: até 30/04",,,,2026-04-17,2026-04-17,b8partners.com,https://logo.clearbit.com/b8partners.com,manual,live,sim,
Programa de Estágio,Cielo,https://cielo.inhire.app/programadeestagio/vagas/5e254009-d88f-495a-b9ca-01fc4fa6aed5/programa-de-estagio-cielo-20262,Híbrido,Estágio,SP | 🏢 Híbrido,SP,Barueri - SP | 🏢 Híbrido,Bolsa auxílio,,,não,Tech & Engenharia,Programa de Estágio,,Formação a partir de jul/2027 | Disponibilidade de 6h/dia | Modelo híbrido,,Bolsa auxílio + benefícios completos | Assistência médica e odontológica | VR/VA + auxílio home office | Wellhub + cursos | Horário flexível | 📅 Inscrições até: 03/05/2026,,2026-04-16,2026-04-16,cielo.com.br,https://logo.clearbit.com/cielo.com.br,manual,live,sim,
Programa de Estágio,Mars,https://careers.mars.com/br/pt/job/R152356/Programa-de-Est%C3%A1gio-Mars----Agosto-2026,Híbrido,Estágio,São Paulo,SP,Várias localidades | 🏢 Híbrido ou Presencial,Bolsa auxílio,,,não,Tech & Engenharia,Programa de Estágio,,Ensino superior em andamento | Disponibilidade de 6h/dia | Estágio de 12 a 24 meses,,Pacote competitivo | Desenvolvimento contínuo,,2026-04-16,2026-04-16,mars.com,https://logo.clearbit.com/mars.com,manual,live,sim,
Estágio em Marketing,Saint-Gobain,https://www.linkedin.com/jobs/view/4399967515/,Presencial,Estágio,SP,SP,São Paulo – SP (Santo Amaro) | Presencial,Bolsa auxílio,,,não,Outra área,"Apoio na criação de apresentações de marketing e materiais para força de vendas Participação e suporte em eventos internos Análise de mercado, tendências e concorrência",,"Graduação em Administração, Engenharia ou áreas correlatas | Disponibilidade para estagiar por no mínimo 1 ano",,Assistência médica e odontológica | Vale alimentação | Refeitório no local | Vale transporte,,2026-04-15,2026-04-15,saint-gobain.com.br,https://logo.clearbit.com/saint-gobain.com.br,manual,live,sim,
Estágio Comercial Inbound (Vendas),Foursales,https://app.foursales.com.br/#/vacancies/21045531212FF0FC1266DE54FE0DBA9CDE179FE1CEDE5F064D98A0D6DE15A5C7/public-description,Remoto,Estágio,São Paulo,SP,Remoto (Home Office),R$200,200,200,sim,Negócios & Vendas,Qualificação de leads inbound Agendamento de reuniões comerciais Follow-up e nutrição de leads,,Ensino superior em andamento (mín. 1 ano para conclusão) | Boa comunicação e organização | Raciocínio lógico e interesse por negócios,,Bolsa + VR | Auxílio home office (até R$200) | Wellhub + Moodar (bem-estar) | Jornada flexível (6h/dia),,2026-04-15,2026-04-15,,,manual,live,sim,
Estágio em Gestão de Securitizadora,VERT Capital,https://vert-capital.gupy.io/job/eyJqb2JJZCI6MTExNDA0NzQsInNvdXJjZSI6ImxpbmtlZGluIn0=,Híbrido,Estágio,SP | Híbrido,SP,São Paulo – SP | Híbrido,Bolsa auxílio,,,não,Direito & Compliance,"Apoio na análise de CRI, CRA e debêntures Criação de relatórios e análise de dados Monitoramento de indicadores",,"Administração, Economia ou Engenharias (a partir do 5º período) | Conhecimento básico em finanças e Excel",,"Plano de saúde e odontológico | Vale refeição | Auxílio bem-estar | Day off de aniversário | Parcerias (idiomas, academias, etc.)",,2026-04-15,2026-04-15,,,manual,live,sim,
Estágio em Gente e Gestão,JHSF,https://jhsf-ni.gupy.io/job/eyJqb2JJZCI6MTExMzY4MTYsInNvdXJjZSI6ImxpbmtlZGluIn0=,Presencial,Estágio,SP | Presencial,SP,São Paulo – SP | Presencial,Bolsa auxílio,,,não,Outra área,Divulgação de vagas e triagem Agendamento de entrevistas Apoio em processos seletivos,,"Psicologia, RH, Administração ou áreas correlatas | Boa comunicação e organização | Pacote Office básico | 🌟 Diferencial : | Inglês básico/intermediário | Conhecimento em Gupy",,Vale transporte + refeição | Plano de saúde e odontológico | Seguro de vida | Parcerias educacionais,,2026-04-15,2026-04-15,,,manual,live,sim,
Estágio Short Job em Discovery,BTG Pactual,https://carreiras.btgpactual.com/vagas/operations/estagio-short-job-em-discovery/5969671004,Presencial,Estágio,SP | Presencial,SP,São Paulo – SP | Presencial,Bolsa auxílio,,,não,Finanças & Contabilidade,Apoio na comunicação com stakeholders Participação em discovery e melhoria de processos Organização de backlog e requisitos,,"Administração, Engenharias, Tecnologia ou áreas correlatas | Interesse em metodologias ágeis",,PLR | Vale refeição e alimentação | Plano de saúde e odontológico | Wellhub + TotalPass,,2026-04-15,2026-04-15,btgpactual.com,https://logo.clearbit.com/btgpactual.com,manual,live,sim,
Estágio em Melhoria Contínua,Cyrela,https://cyrela.gupy.io/jobs/11120258,Presencial,Estágio,SP,SP,São Paulo – SP (Vila Olímpia) | Presencial,Bolsa auxílio,,,não,Direito & Compliance,Mapeamento e melhoria de processos Apoio em projetos e controle de prazos Elaboração de relatórios e comunicação da área,,"Administração, Economia ou áreas correlatas | Excel e PowerPoint intermediário | Noções de gestão de projetos | 🌟 Diferencial : | Power BI, Canva ou CRM",,Vale refeição + transporte | Plano de saúde e odontológico | PLR | Wellhub + TotalPass | Day off aniversário,,2026-04-15,2026-04-15,cyrela.com.br,https://logo.clearbit.com/cyrela.com.br,manual,live,sim,
Estágio em Social Media,The Founders,https://www.instagram.com/thefounders.br?igsh=MWl0MzZyNXhxdjhzNg%3D%3D&utm_source=qr,Híbrido,Estágio,São Paulo,SP,"São Paulo, SP",Bolsa auxílio,,,não,Marketing & Publicidade,Estágio em Social Media,,,,,,2026-04-15,2026-04-15,instagram.com,https://logo.clearbit.com/instagram.com,manual,live,sim,
Estágio | Área Comercial,WTC Business Club,https://evento.wtcclub.com.br/Cadastrar.aspx?5805-0-Inscricao,Presencial,Estágio,SP,SP,Local : São Paulo – SP,Bolsa auxílio,,,não,Negócios & Vendas,Apoio nas estratégias comerciais Relacionamento com clientes e parceiros Suporte no desenvolvimento de novos negócios,,,,,,2026-04-14,2026-04-14,,,manual,live,sim,
Trainee RH – Gestão de Talentos,Red Bull,https://jobs.redbull.com/br-pt/sao-paulo-trainee-rh-gestao-de-talentos-ref29913a?sourceTypeId=PAID&sourceId=cf9c853d-3d03-4305-93a7-9bd9c04803b1&lang=en,Presencial,Trainee,São Paulo,SP,São Paulo,Bolsa auxílio,,,não,Outra área,Projetos de RH e desenvolvimento Comunicação interna Interface com lideranças,,,,Desenvolvimento global | Exposição à liderança | Treinamentos,,2026-04-14,2026-04-14,,,manual,live,sim,
Estágio em Operações de Compras,HSBC,https://mycareer.hsbc.com/en_GB/external/PipelineDetail/Procurement-Intern/288342,Híbrido,Estágio,SP | Híbrido,SP,São Paulo – SP | Híbrido,Bolsa auxílio,,,não,Tech & Engenharia,Controle de pagamentos e contratos Relatórios contábeis Gestão de fornecedores,,"Ensino superior cursando | Inglês avançado | Excel intermediário | Cursos: Administração, Economia, Engenharia, Relações Internacionais",,,,2026-04-14,2026-04-14,,,manual,live,sim,
Estágio em E-commerce,Track & Field (via Trade Force),https://tfcarreira.gupy.io/job/eyJqb2JJZCI6MTExMzAwMjksInNvdXJjZSI6Imd1cHlfcG9ydGFsIn0=?jobBoardSource=gupy_portal,Presencial,Estágio,SP | Presencial,SP,São Paulo – SP | Presencial,Bolsa auxílio,,,não,Marketing & Publicidade,Controle de pedidos e faturamento Monitoramento de indicadores Contato com lojas e áreas internas,,"Ensino superior cursando | Excel | Cursos: Administração, Economia, Engenharia, Tecnologia",,,,2026-04-14,2026-04-14,trackfield.com.br,https://logo.clearbit.com/trackfield.com.br,manual,live,sim,
Estágio,Vivest,https://www.linkedin.com/jobs/view/4401387918/,Híbrido,Estágio,SP | Híbrido,SP,São Paulo – SP | Híbrido,Bolsa auxílio,,,não,Finanças & Contabilidade,Mapeamento e controle de contratos Atualização de bases e dashboards Análises de dados e indicadores,,"Formação a partir de dez/2027 | Excel intermediário/avançado | Cursos: Engenharia, Tecnologia",,Assistência médica e odontológica | Vale refeição ou alimentação | Seguro de vida | Vale transporte | Day off | Programa Viva Bem,,2026-04-14,2026-04-14,vivest.com.br,https://logo.clearbit.com/vivest.com.br,manual,live,sim,
Estágio em Gente & Gestão (BP),Votorantim Cimentos,https://votorantimcimentostalentos.gupy.io/job/eyJqb2JJZCI6MTExMzM2MjEsInNvdXJjZSI6Imd1cHlfcG9ydGFsIn0=?jobBoardSource=gupy_portal,Híbrido,Estágio,SP | Híbrido,SP,São Paulo – SP | Híbrido,Bolsa auxílio,,,não,Outra área,Apoio em recrutamento e seleção Organização de treinamentos Indicadores e relatórios,,"Ensino superior cursando | Cursos: Administração, Psicologia, Engenharia",,Plano de saúde | Vale refeição | Vale transporte | Seguro de vida | Day off | TotalPass | Apoio psicológico,,2026-04-14,2026-04-14,vcimentos.com,https://logo.clearbit.com/vcimentos.com,manual,live,sim,
Estágio em Automação de RH,Saint-Gobain,https://saintgobainbrasil.gupy.io/job/eyJqb2JJZCI6MTExMzExNTksInNvdXJjZSI6Imd1cHlfcG9ydGFsIn0=?jobBoardSource=gupy_portal,Híbrido,Estágio,SP | Híbrido,SP,São Paulo – SP | Híbrido,Bolsa auxílio,,,não,Outra área,Criação de dashboards Automação de processos Integração de dados,,"Ensino superior cursando | Excel intermediário | Cursos: Administração, Engenharia, Tecnologia",,,,2026-04-14,2026-04-14,,,manual,live,sim,
Estágio em RH (DHO),CAIXA Consórcio,https://sercaixaconsorcio.gupy.io/job/eyJqb2JJZCI6MTExMTQ0MzQsInNvdXJjZSI6ImxpbmtlZGluIn0=?jobBoardSource=linkedin,Híbrido,Estágio,São Paulo,SP,Híbrido – São Paulo (Berrini),Bolsa auxílio,,,não,Outra área,Apoio em clima organizacional e cultura Treinamento e desenvolvimento Comunicação interna e engajamento,,"Psicologia, Adm, RH ou correlatas | Formação a partir de 2028",,Bolsa auxílio | Vale-refeição | Vale-transporte | Seguro de vida | Assistência médica | WellHub,,2026-04-13,2026-04-13,caixa.gov.br,https://logo.clearbit.com/caixa.gov.br,manual,live,sim,
Estágio em Segurança do Trabalho (WHS),Amazon,https://www.amazon.jobs/en/jobs/3154610/estagio-em-seguranca-do-trabalho-whs-amazon-university-talent-acquisition,Presencial,Estágio,São Paulo,SP,Presencial – São Paulo,Bolsa auxílio,,,não,Outra área,Auditorias e análises de segurança Projetos de melhoria contínua Investigação de incidentes,,"Logística, Engenharia ou correlatas | Inglês intermediário | Excel (tabela dinâmica, PROCV)",,Bolsa auxílio,,2026-04-13,2026-04-13,amazon.com.br,https://logo.clearbit.com/amazon.com.br,manual,live,sim,
Estágio Tax Operations,BTG Pactual,https://carreiras.btgpactual.com/vagas/finance/estagio-tax-operations/5807379004,Presencial,Estágio,São Paulo,SP,Presencial – São Paulo,Bolsa auxílio,,,não,Finanças & Contabilidade,Apuração e análise de tributos Conciliação fiscal Suporte a auditorias,,"Contábeis, Economia ou correlatas | Excel",,Vale-alimentação | Vale-refeição | Plano médico | Plano odontológico | Vale-transporte | WellHub / TotalPass | Auxílio creche | Previdência privada | Seguro de vida | Programa de apoio pessoal,,2026-04-13,2026-04-13,btgpactual.com,https://logo.clearbit.com/btgpactual.com,manual,live,sim,
Estágio Administrativo (Vendas),Sony Pictures,https://www.sonypicturesjobs.com/job/-/-/22978/93682841920,Presencial,Estágio,São Paulo,SP,Presencial – São Paulo (Berrini),Bolsa auxílio,,,não,Negócios & Vendas,Lançamento de informações no sistema Controle de pagamentos Apoio logístico,,Administração | Inglês básico | Excel,,Bolsa auxílio | Vale-refeição | Vale-transporte ou estacionamento | Assistência médica | Assistência odontológica,,2026-04-13,2026-04-13,sonypictures.com,https://logo.clearbit.com/sonypictures.com,manual,live,sim,
